<?xml version="1.0" encoding="UTF-8"?>
<project-private xmlns="http://www.netbeans.org/ns/project-private/1">
    <editor-bookmarks xmlns="http://www.netbeans.org/ns/editor-bookmarks/1"/>
    <editor-bookmarks xmlns="http://www.netbeans.org/ns/editor-bookmarks/2" lastBookmarkId="0"/>
    <open-files xmlns="http://www.netbeans.org/ns/projectui-open-files/2">
        <group name="A3">
            <file>file:/C:/Users/chris.rendell/OneDrive%20-%20NBCC/Documents/_Courses/Java%20PROG1303/Assignments/A4-Inheritance,Polymorphism(Flights)/A4_Starter/src/A4_Flights/FlightsMainForm.java</file>
            <file>file:/C:/Users/chris.rendell/OneDrive%20-%20NBCC/Documents/_Courses/Java%20PROG1303/Assignments/A4-Inheritance,Polymorphism(Flights)/A4_Starter/src/A4_Flights/Location.java</file>
        </group>
        <group/>
    </open-files>
</project-private>
