﻿<?xml version="1.0" encoding="utf-8"?>
<Computers>
    <Desktop>
        <Code>1432</Code>
        <inStock>0</inStock>
        <Brand>IBM</Brand>
        <Model>X-3200</Model>
        <Processor>I9-12750h</Processor>
        <Price>3500</Price>
        <Ram>32</Ram>
        <AllInOne>false</AllInOne>
        <Graphic>Gtx-680</Graphic>
    </Desktop>
    <Desktop>
        <Code>1324</Code>
        <inStock>8</inStock>
        <Brand>Lenovo</Brand>
        <Model>L-432</Model>
        <Processor>I7-9500</Processor>
        <Price>850</Price>
        <Ram>16</Ram>
        <AllInOne>false</AllInOne>
        <Graphic>Gtx-430</Graphic>
    </Desktop>
    <Desktop>
        <Code>1789</Code>
        <inStock>9</inStock>
        <Brand>HP</Brand>
        <Model>V1-xt</Model>
        <Processor>I5-12320</Processor>
        <Price>920</Price>
        <Ram>8</Ram>
        <AllInOne>true</AllInOne>
        <Graphic>Rtx-2050</Graphic>
    </Desktop>
    <Desktop>
        <Code>1921</Code>
        <inStock>6</inStock>
        <Brand>HP</Brand>
        <Model>V3-xt</Model>
        <Processor>I7-12750H</Processor>
        <Price>1400</Price>
        <Ram>16</Ram>
        <AllInOne>true</AllInOne>
        <Graphic>Rtx-2060</Graphic>
    </Desktop>
    <Desktop>
        <Code>1012</Code>
        <inStock>7</inStock>
        <Brand>Asus</Brand>
        <Model>760-Ls</Model>
        <Processor>I7-13750H</Processor>
        <Price>1500</Price>
        <Ram>16</Ram>
        <AllInOne>false</AllInOne>
        <Graphic>Gtx-1670</Graphic>
    </Desktop>
</Computers>