﻿<?xml version="1.0" encoding="utf-8"?>
<Computers>
    <Laptop>
        <Code>2134</Code>
        <InStock>8</InStock>
        <Brand>ASUS</Brand>
        <Model>G512-LI</Model>
        <Processor>I7-10750h</Processor>
        <Price>950</Price>
        <Ram>16</Ram>
        <ScreenSize>15.6</ScreenSize>
        <Baterry>15.6</Baterry>
    </Laptop>
    <Laptop>
        <Code>2341</Code>
        <InStock>3</InStock>
        <Brand>ASUS</Brand>
        <Model>G532-SI</Model>
        <Processor>I7-12750h</Processor>
        <Price>1200</Price>
        <Ram>16</Ram>
        <ScreenSize>15.6</ScreenSize>
        <Baterry>15.6</Baterry>
    </Laptop>
    <Laptop>
        <Code>2567</Code>
        <InStock>2</InStock>
        <Brand>Lenovo</Brand>
        <Model>Pheonix</Model>
        <Processor>I5-13000</Processor>
        <Price>950</Price>
        <Ram>8</Ram>
        <ScreenSize>16.3</ScreenSize>
        <Baterry>16.3</Baterry>
    </Laptop>
    <Laptop>
        <Code>2765</Code>
        <InStock>1</InStock>
        <Brand>IBM</Brand>
        <Model>K-754</Model>
        <Processor>I9-13750H</Processor>
        <Price>2300</Price>
        <Ram>32</Ram>
        <ScreenSize>16.5</ScreenSize>
        <Baterry>16.5</Baterry>
    </Laptop>
    <Laptop>
        <Code>2900</Code>
        <InStock>3</InStock>
        <Brand>Apple</Brand>
        <Model>MacBook Pro</Model>
        <Processor>M2</Processor>
        <Price>2600</Price>
        <Ram>16</Ram>
        <ScreenSize>16.7</ScreenSize>
        <Baterry>16.7</Baterry>
    </Laptop>
</Computers>