<?xml version="1.0" encoding="utf-8"?>
<users>
	<record>
		<FirstName>Aaron</FirstName>
		<LastName>Mitchell</LastName>
		<Login>admin</Login>
		<Password>admin</Password>
		<access>true</access>
		<HiringDate>2013/03/23</HiringDate>
		<YearsAtTheCompany>10</YearsAtTheCompany>
	</record>	
	<record>
		<FirstName>Scott</FirstName>
		<LastName>Connor</LastName>
		<Login>SConnor</Login>
		<Password>1234</Password>
		<access>true</access>
		<HiringDate>2020/09/13</HiringDate>
		<YearsAtTheCompany>3</YearsAtTheCompany>
	</record>	
	<record>
		<FirstName>Donald</FirstName>
		<LastName>Trump</LastName>
		<Login>DTrump</Login>
		<Password>1234</Password>
		<access>false</access>
		<Loyalty>false</Loyalty>	
	</record>	
	<record>
		<FirstName>Joe</FirstName>
		<LastName>Biden</LastName>
		<Login>JBiden</Login>
		<Password>1234</Password>
		<access>false</access>
		<Loyalty>false</Loyalty>	
	</record>	
	<record>
		<FirstName>Cathy</FirstName>
		<LastName>Burchill</LastName>
		<Login>cathy</Login>
		<Password>cathy</Password>
		<access>false</access>
		<Loyalty>true</Loyalty>			
	</record>	
	<record>
		<FirstName>Test Customer FirstName</FirstName>
		<LastName>Test Customer LastName</LastName>
		<Login>c</Login>
		<Password>c</Password>
		<access>false</access>
		<Loyalty>true</Loyalty>			
	</record>
	<record>
		<FirstName>Test Admin FirstName</FirstName>
		<LastName>Test Admin LastName</LastName>
		<Login>a</Login>
		<Password>a</Password>
		<access>true</access>
		<HiringDate>2022/01/12</HiringDate>
		<YearsAtTheCompany>1</YearsAtTheCompany>
	</record>	
</users>